date,track,artist
2019-01-05,Thank U  Next,Ariana Grande
2019-01-05,Without Me,Halsey
2019-01-05,All I Want For Christmas Is You,Mariah Carey
2019-01-05,Sicko Mode,Travis Scott
2019-01-05,Sunflower  Spider-Man  Into The Spider-Verse,Post Malone   Swae Lee
2019-01-05,High Hopes,Panic  At The Disco
2019-01-05,Happier,Marshmello   Bastille
2019-01-05,Jingle Bell Rock,Bobby Helms
2019-01-05,Rockin  Around The Christmas Tree,Brenda Lee
2019-01-05,A Holly Jolly Christmas,Burl Ives
2019-01-05,The Christmas Song  Merry Christmas To You,Nat King Cole
2019-01-05,Drip Too Hard,Lil Baby   Gunna
2019-01-05,It s The Most Wonderful Time Of The Year,Andy Williams
2019-01-05,Girls Like You,Maroon 5  Cardi B
2019-01-05,ZEZE,Kodak Black  Travis Scott   Offset
2019-01-05,Rudolph The Red-Nosed Reindeer,Gene Autry
2019-01-05,Mo Bamba,Sheck Wes
2019-01-05,Wake Up In The Sky,Gucci Mane Bruno Mars Kodak Black
2019-01-05,Money,Cardi B
2019-01-05,Let It Snow  Let It Snow  Let It Snow,Dean Martin
2019-01-05,Eastside,Benny Blanco  Halsey   Khalid
2019-01-05,Breathin,Ariana Grande
2019-01-05,Better Now,Post Malone
2019-01-05,Youngblood,5 Seconds Of Summer
2019-01-05,Last Christmas,Wham
2019-01-05,Sleigh Ride,The Ronettes
2019-01-05,Lucid Dreams,Juice WRLD
2019-01-05,Here Comes Santa Claus  Right Down Santa Claus Lane,Gene Autry
2019-01-05,Feliz Navidad,Jose Feliciano
2019-01-05,Taki Taki,DJ Snake  Selena Gomez  Ozuna   Cardi B
2019-01-05,MIA,Bad Bunny  Drake
2019-01-05,There s No Place Like  Home For The Holidays,Perry Como
2019-01-05,Leave Me Alone,Flipp Dinero
2019-01-05,White Christmas,Bing Crosby
2019-01-05,It s Beginning To Look A Lot Like Christmas,Perry Como and The Fontane Sisters With Mitchell Ayres and His Orchestra
2019-01-05,Going Bad,Meek Mill  Drake
2019-01-05,A Lot,21 Savage
2019-01-05,Trip,Ella Mai
2019-01-05,I Like It,Cardi B  Bad Bunny   J Balvin
2019-01-05,Blue Christmas,Elvis Presley
2019-01-05,Speechless,Dan   Shay
2019-01-05,Happy Xmas  War Is Over,John   Yoko   Plastic Ono Band With The Harlem Community Choirg
2019-01-05,Christmas  Baby Please Come Home,Darlene Love
2019-01-05,Underneath The Tree,Kelly Clarkson
2019-01-05,Run Rudolph Run,Chuck Berry
2019-01-05,Natural,Imagine Dragons
2019-01-05,Wow.,Post Malone
2019-01-05,Love Lies,Khalid   Normani
2019-01-05,Jingle Bells,Frank Sinatra
2019-01-05,Beautiful,Bazzi  Camila Cabello
2019-01-05,Better,Khalid
2019-01-05,Shallow,Lady Gaga   Bradley Cooper
2019-01-05,Cozy Little Christmas,Katy Perry
2019-01-05,She Got The Best Of Me,Luke Combs
2019-01-05,The Christmas Song,Lauren Daigle
2019-01-05,Uproar,Lil Wayne
2019-01-05,Swervin,A Boogie Wit da Hoodie  6ix9ine
2019-01-05,Can t Leave Without It,21 Savage
2019-01-05,You Say,Lauren Daigle
2019-01-05,Close To Me,Ellie Goulding Diplo  Swae Lee
2019-01-05,Best Shot,Jimmie Allen
2019-01-05,Dangerous,Meek Mill  Jeremih   PnB Rock
2019-01-05,Be Alright,Dean Lewis
2019-01-05,Drunk Me,Mitchell Tenpenny
2019-01-05,Startender,A Boogie Wit da Hoodie  Offset   Tyga
2019-01-05,Look Back At It,A Boogie Wit da Hoodie
2019-01-05,All My Friends,21 Savage
2019-01-05,BAD,XXXTENTACION
2019-01-05,Backin  It Up,Pardison Fontaine  Cardi B
2019-01-05,Break Da Law,21 Savage
2019-01-05,Imagine,Ariana Grande
2019-01-05,Talk To Me,Tory Lanez   Rich The Kid
2019-01-05,Monster,21 Savage
2019-01-05,Calling My Spirit,Kodak Black
2019-01-05,Consequences,Camila Cabello
2019-01-05,Armed and Dangerous,Juice WRLD
2019-01-05,Arms Around You,XXXTENTACION Lil Pump  Maluma   Swae Lee
2019-01-05,Nothing Breaks Like A Heart,Mark Ronson  Miley Cyrus
2019-01-05,Sixteen,Thomas Rhett
2019-01-05,Burning Man,Dierks Bentley  Brothers Osborne
2019-01-05,Beautiful Crazy,Luke Combs
2019-01-05,When The Party s Over,Billie Eilish
2019-01-05,Sweet But Psycho,Ava Max
2019-01-05,This Feeling,The Chainsmokers  Kelsea Ballerini
2019-01-05,You,Jacquees
2019-01-05,1.5,21 Savage
2019-01-05,Girl Like You,Jason Aldean
2019-01-05,Out For The Night,21 Savage
2019-01-05,Good Girl,Dustin Lynch
2019-01-05,No Stylist,French Montana  Drake
2019-01-05,Lovely,Billie Eilish   Khalid
2019-01-05,Ella Quiere Beber,Anuel AA   Romeo Santos
2019-01-05,Gun Smoke,21 Savage
2019-01-05,Demons and Angels,A Boogie Wit da Hoodie  Juice WRLD
2019-01-05,ASMR,21 Savage
2019-01-05,Last Shot,Kip Moore
2019-01-05,Fine China,Future   Juice WRLD
2019-01-05,Envy Me,Calboy
2019-01-05,Lost In Japan,Shawn Mendes Zedd
2019-01-05,This Is It,Scotty McCreery
2019-01-12,Baby Shark,Pinkfong
2019-01-12,Electricity,Silk City Dua Lipa
2019-01-12,Smile  Living My Best Life,Lil  Duval  Snoop Dogg   Ball Greezy
2019-01-12,Millionaire,Chris Stapleton
2019-01-12,Pure Cocaine,Lil Baby
2019-01-12,Take It From Me,Jordan Davis
2019-01-12,What Makes You Country,Luke Bryan
2019-01-12,Yosemite,Travis Scott
2019-01-12,Blue Tacoma,Russell Dickerson
2019-01-12,Down To The Honkytonk,Jake Owen
2019-01-12,Close Friends,Lil Baby
2019-01-12,Love Someone,Lukas Graham
2019-01-12,Love Wins,Carrie Underwood
2019-01-12,KIKA,6ix9ine  Tory Lanez
2019-01-12,Nuketown,Ski Mask The Slump God  Juice WRLD
2019-01-12,Ruin My Life,Zara Larsson
2019-01-12,Body,Loud Luxury  Brando
2019-01-12,Dip,Tyga   Nicki Minaj
2019-01-12,Good Form,Nicki Minaj  Lil Wayne
2019-01-12,Here Tonight,Brett Young
2019-01-12,Burn Out,Midland
2019-01-12,Solo de Mi,Bad Bunny
2019-01-12,Lucky You,Eminem  Joyner Lucas
2019-01-12,Roses,Benny Blanco   Juice WRLD  Brendon Urie
2019-01-12,whoa  mind in awe,XXXTENTACION
2019-01-12,Make It Sweet,Old Dominion
2019-01-12,Ocean Eyes,Billie Eilish
2019-01-12,idontwannabeyouanymore,Billie Eilish
2019-01-19,Undecided,Chris Brown
2019-01-19,Crushed Up,Future
2019-01-19,Butterfly Doors,Lil Pump
2019-01-19,Space Cadet,Metro Boomin  Gunna
2019-01-19,Valuable Pain,YoungBoy Never Broke Again
2019-01-26,Lost In The Fire,Gesaffelstein   The Weeknd
2019-01-26,Dancing With A Stranger,Sam Smith   Normani
2019-01-26,Twerk,City Girls  Cardi B
2019-01-26,Saturday Nights,Khalid   Kane Brown
2019-01-26,Nights Like This,Kehlani  Ty Dolla $ign
2019-01-26,Thotiana,Blueface
2019-01-26,Let Me Down Slowly,Alec Benjamin   Alessia Cara
2019-01-26,Jumpin On A Jet,Future
2019-01-26,Splashin,Rich The Kid
2019-02-02,7 Rings,Ariana Grande
2019-02-02,Middle Child,J. Cole
2019-02-02,Keanu Reeves,Logic
2019-02-02,First Off,Future  Travis Scott
2019-02-02,Never Stop,Future
2019-02-02,Secreto,Anuel AA   Karol G
2019-02-02,Mixed Personalities,YNW Melly  Kanye West
2019-02-02,Temptation,Future
2019-02-02,Rocket Ship,Future
2019-02-02,Pure Water,Mustard   Migos
2019-02-02,F N,Future
2019-02-02,On My Way To You,Cody Johnson
2019-02-02,Murder On My Mind,YNW Melly
2019-02-02,GIRL,Maren Morris
2019-02-02,Face My Fears,Hikaru Utada   Skrillex
2019-02-02,Call The Coroner,Future
2019-02-09,Tequila,Dan   Shay
2019-02-09,Put A Date On It,Yo Gotti  Lil Baby
2019-02-09,Bury A Friend,Billie Eilish
2019-02-09,I m So Tired...,Lauv   Troye Sivan
2019-02-09,Shot Clock,Ella Mai
2019-02-09,Sauce,XXXTENTACION
2019-02-09,Con Calma,Daddy Yankee   Katy Perry  Snow
2019-02-09,Night Shift,Jon Pardi
2019-02-16,Alone,Marshmello
2019-02-16,One Call,Gunna
2019-02-16,Miss Me More,Kelsea Ballerini
2019-02-23,Break Up With Your Girlfriend  I m Bored,Ariana Grande
2019-02-23,Needy,Ariana Grande
2019-02-23,NASA,Ariana Grande
2019-02-23,Bloodline,Ariana Grande
2019-02-23,Ghostin,Ariana Grande
2019-02-23,Fake Smile,Ariana Grande
2019-02-23,Bad Idea,Ariana Grande
2019-02-23,In My Head,Ariana Grande
2019-02-23,Talk,Khalid
2019-02-23,Make Up,Ariana Grande
2019-02-23,Who Do You Love,The Chainsmokers  5 Seconds Of Summer
2019-02-23,Rainbow,Kacey Musgraves
2019-03-02,Please Me,Cardi B   Bruno Mars
2019-03-02,Robbery,Juice WRLD
2019-03-02,Red Room,Offset
2019-03-02,Talk You Out Of It,Florida Georgia Line
2019-03-02,Eyes On You,Chase Rice
2019-03-02,365,Zedd   Katy Perry
2019-03-02,Worth It,YK Osiris
2019-03-02,There Was This Girl,Riley Green
2019-03-02,One That Got Away,Michael Ray
2019-03-09,Always Remember Us This Way,Lady Gaga
2019-03-09,Legacy,Offset  Travis Scott   21 Savage
2019-03-09,Walk Me Home,P nk
2019-03-09,I ll Never Love Again,Lady Gaga
2019-03-09,Clout,Offset  Cardi B
2019-03-09,How Did I Get Here,Offset   J. Cole
2019-03-09,Outstanding,Gunna
2019-03-09,Be Like Me,Lil Pump  Lil Wayne
2019-03-09,3 Headed Snake,Gunna  Young Thug
2019-03-09,Wit It,Gunna
2019-03-09,Lick,Offset
2019-03-09,Girls Need Love,Summer Walker Drake
2019-03-09,Speed It Up,Gunna
2019-03-09,I Guess I Just Feel Like,John Mayer
2019-03-09,Good As You,Kane Brown
2019-03-09,Same Yung N   a,Gunna  Playboi Carti
2019-03-09,Faucet Failure,Ski Mask The Slump God
2019-03-16,Sucker,Jonas Brothers
2019-03-16,I,Lil Skies
2019-03-16,Look What God Gave Her,Thomas Rhett
2019-03-16,Hear Me Calling,Juice WRLD
2019-03-16,Bad Liar,Imagine Dragons
2019-03-16,Wish You Were Gay,Billie Eilish
2019-03-16,Whip,2 Chainz  Travis Scott
2019-03-16,Act Up,City Girls
2019-03-16,Old Town Road,Lil Nas  Billy Ray Cyrus
2019-03-16,Whiskey Glasses,Morgan Wallen
2019-03-16,I Can t Get Enough,Benny Blanco  Tainy  Selena Gomez   J Balvin
2019-03-16,Rule The World,2 Chainz  Ariana Grande
2019-03-16,Momma I Hit A Lick,2 Chainz  Kendrick Lamar
2019-03-23,Empty,Juice WRLD
2019-03-23,Fast,Juice WRLD
2019-03-23,Maze,Juice WRLD
2019-03-23,Here With Me,Marshmello  CHVRCHES
2019-03-23,My Bad,Khalid
2019-03-23,Undrunk,FLETCHER
2019-03-23,Rumor,Lee Brice
2019-03-23,Flaws and Sins,Juice WRLD
2019-03-23,Calma,Pedro Capo Farruko
2019-03-23,I ve Been Waiting,Lil Peep   iLoveMakonnen  Fall Out Boy
2019-03-30,Numb Numb Juice,ScHoolboy Q
2019-03-30,Sally Walker,Iggy Azalea
2019-03-30,Slow Dancing In The Dark,Joji
2019-04-06,Price On My Head,NAV  The Weeknd
2019-04-06,Confessions Of A Dangerous Mind,Logic
2019-04-06,Tap,NAV  Meek Mill
2019-04-06,Pop Out,Polo G  Lil Tjay
2019-04-06,Don t Call Me Up,Mabel
2019-04-06,Last Hurrah,Bebe Rexha
2019-04-13,Bad Guy,Billie Eilish
2019-04-13,Xanny,Billie Eilish
2019-04-13,You Should See Me In A Crown,Billie Eilish
2019-04-13,My Strange Addiction,Billie Eilish
2019-04-13,Racks In The Middle,Nipsey Hussle  Roddy Ricch   Hit-Boy
2019-04-13,All The Good Girls Go To Hell,Billie Eilish
2019-04-13,I Love You,Billie Eilish
2019-04-13,God s Country,Blake Shelton
2019-04-13,Ilomilo,Billie Eilish
2019-04-13,Listen Before I Go,Billie Eilish
2019-04-13,Double Up,Nipsey Hussle  Belly   DOM KENNEDY
2019-04-13,Monopoly,Ariana Grande   Victoria Monet
2019-04-13,8,Billie Eilish
2019-04-13,Last Time That I Checc d,Nipsey Hussle  YG
2019-04-13,Suge,DaBaby
2019-04-13,Dedication,Nipsey Hussle  Kendrick Lamar
2019-04-20,Cool,Jonas Brothers
2019-04-20,Kill This Love,BLACKPINK
2019-04-20,Outta My Head,Khalid With John Mayer
2019-04-20,Don t Pretend,Khalid SAFE
2019-04-20,Bad Luck,Khalid
2019-04-20,Right Back,Khalid  A Boogie Wit da Hoodie
2019-04-20,Inmortal,Aventura
2019-04-20,Big Ole Freak,Megan Thee Stallion
2019-04-20,Victory Lap,Nipsey Hussle  Stacy Barthe
2019-04-27,Boy With Luv,BTS  Halsey
2019-04-27,Sanguine Paradise,Lil Uzi Vert
2019-04-27,Blue On Black,Five Finger Death Punch  Kenny Wayne Shepherd  Brantley Gilbert   Brian May
2019-04-27,SOS,Avicii  Aloe Blacc
2019-04-27,That s A Rack,Lil Uzi Vert
2019-04-27,Love Ain t,Eli Young Band
2019-04-27,Make It Right,BTS  Lauv
2019-04-27,Hey Look Ma  I Made It,Panic  At The Disco
2019-05-04,Earth,Lil Dicky
2019-05-04,Before I Let Go,Beyonce
2019-05-04,Slide,French Montana  Blueface   Lil Tjay
2019-05-04,Love Someone,Brett Eldredge
2019-05-04,Shotta Flow,NLE Choppa
2019-05-04,ME,Taylor Swift  Brendon Urie
2019-05-11,Floating,ScHoolboy Q  21 Savage
2019-05-11,Baila Baila Baila,Ozuna Daddy Yankee J Balvin Farruko Anuel AA
2019-05-11,CHopstix,ScHoolboy Q   Travis Scott
2019-05-11,Light It Up,Marshmello  Tyga   Chris Brown
2019-05-11,Power Is Power,SZA  The Weeknd   Travis Scott
2019-05-11,Knockin  Boots,Luke Bryan
2019-05-11,Love Me Anyway,P nk  Chris Stapleton
2019-05-11,24 7,Meek Mill  Ella Mai
2019-05-11,Stop Snitching,YG
2019-05-18,If I Can t Have You,Shawn Mendes
2019-05-18,Homicide,Logic  Eminem
2019-05-18,Truth Hurts,Lizzo
2019-05-18,Beer Never Broke My Heart,Luke Combs
2019-05-18,Go Loko,YG  Tyga   Jon Z
2019-05-18,Middle Child,PnB Rock   XXXTENTACION
2019-05-18,All To Myself,Dan   Shay
2019-05-18,Paradise,Bazzi
2019-05-18,Die Young,Roddy Ricch
2019-05-25,I Don t Care,Ed Sheeran   Justin Bieber
2019-05-25,Triggered,Jhene Aiko
2019-05-25,Soltera,Lunay  Daddy Yankee   Bad Bunny
2019-05-25,Someone You Loved,Lewis Capaldi
2019-05-25,Te Robare,Nicky Jam Ozuna
2019-05-25,Juice,Lizzo
2019-06-01,Earfquake,Tyler  The Creator
2019-06-01,Nightmare,Halsey
2019-06-01,Wish Wish,DJ Khaled  Cardi B   21 Savage
2019-06-01,Higher,DJ Khaled  Nipsey Hussle   John Legend
2019-06-01,Just Us,DJ Khaled  SZA
2019-06-01,You Stay,DJ Khaled  Meek Mill  J Balvin  Lil Baby   Jeremih
2019-06-01,I Think,Tyler  The Creator
2019-06-01,Celebrate,DJ Khaled  Travis Scott   Post Malone
2019-06-01,Jealous,DJ Khaled  Chris Brown  Lil Wayne   Big Sean
2019-06-01,Running Out Of Time,Tyler  The Creator
2019-06-01,Igor s Theme,Tyler  The Creator
2019-06-01,New Magic Wand,Tyler  The Creator
2019-06-01,A Boy Is A Gun,Tyler  The Creator
2019-06-01,What s Good,Tyler  The Creator
2019-06-01,What If I Never Get Over You,Lady Antebellum
2019-06-01,Puppet,Tyler  The Creator
2019-06-01,Weather The Storm,DJ Khaled  Meek Mill   Lil Baby
2019-06-08,The London,Young Thug  J. Cole   Travis Scott
2019-06-08,Cross Me,Ed Sheeran  Chance The Rapper   PnB Rock
2019-06-08,Easier,5 Seconds Of Summer
2019-06-08,Isis,Joyner Lucas  Logic
2019-06-08,Some Of It,Eric Church
2019-06-08,Bacc At It Again,Yella Beezy  Gucci Mane   Quavo
2019-06-08,HP,Maluma
2019-06-08,Rearview Town,Jason Aldean
2019-06-15,Never Really Over,Katy Perry
2019-06-15,Press,Cardi B
2019-06-15,Mother s Daughter,Miley Cyrus
2019-06-15,Call You Mine,The Chainsmokers   Bebe Rexha
2019-06-15,The Search,NF
2019-06-15,Shut Up About Politics,John Rich  The Five
2019-06-15,La La Land,Bryce Vine  YG
2019-06-15,Ran$om,Lil Tecca
2019-06-15,Under Enemy Arms,Trippie Redd
2019-06-15,Raised On Country,Chris Young
2019-06-15,Trampoline,SHAED
2019-06-22,No Guidance,Chris Brown  Drake
2019-06-22,Even Though I m Leaving,Luke Combs
2019-06-22,The Git Up,Blanco Brown
2019-06-22,Callaita,Bad Bunny   Tainy
2019-06-22,Heaven,Avicii
2019-06-22,Please Tell Me,Future
2019-06-22,Amor Genuino,Ozuna
2019-06-22,Only Human,Jonas Brothers
2019-06-22,XanaX Damage,Future
2019-06-22,Government Official,Future
2019-06-22,Otro Trago,Sech  Darell  Nicky Jam  Ozuna   Anuel AA
2019-06-29,You Need To Calm Down,Taylor Swift
2019-06-29,Money In The Grave,Drake  Rick Ross
2019-06-29,Omerta,Drake
2019-06-29,Down Bad,Dreamville  JID  Bas  J. Cole  EARTHGANG   Young Nudy
2019-06-29,Sanctuary,Joji
2019-06-29,Wake Up,Travis Scott
2019-06-29,Rescue Me,Marshmello  A Day To Remember
2019-06-29,It s You,Ali Gatie
2019-06-29,The Ones That Didn t Make It Back Home,Justin Moore
2019-07-06,Senorita,Shawn Mendes   Camila Cabello
2019-07-06,Panini,Lil Nas X
2019-07-06,MEGATRON,Nicki Minaj
2019-07-06,Rodeo,Lil Nas   Cardi B
2019-07-06,One Thing Right,Marshmello   Kane Brown
2019-07-06,Out The Mud,Lil Baby  Future
2019-07-06,Cash Shit,Megan Thee Stallion  DaBaby
2019-07-06,Summer Days,Martin Garrix  Macklemore   Patrick Stump
2019-07-13,Beautiful People,Ed Sheeran  Khalid
2019-07-13,Higher Love,Kygo Whitney Houston
2019-07-13,Que Pretendes,J Balvin   Bad Bunny
2019-07-13,Don t Check On Me,Chris Brown  Justin Bieber   Ink
2019-07-13,When I Grow Up,NF
2019-07-13,My Type,Saweetie
2019-07-13,Lalala,Y2K   bbno$
2019-07-20,Goodbyes,Post Malone  Young Thug
2019-07-20,Under The Sun,Dreamville  J. Cole  Lute   DaBaby
2019-07-20,BLOW,Ed Sheeran With Chris Stapleton   Bruno Mars
2019-07-20,Costa Rica,Dreamville  Bas  JID  Guapdad 4000  Reese LAFLARE  Jace  Mez  Smokepurpp  Buddy   Ski Mask The Slump God
2019-07-20,No Me Conoce,Jhay Cortez  J Balvin   Bad Bunny
2019-07-20,I Don t Know About You,Chris Lane
2019-07-27,Antisocial,Ed Sheeran   Travis Scott
2019-07-27,South Of The Border,Ed Sheeran  Camila Cabello   Cardi B
2019-07-27,Remember The Name,Ed Sheeran  Eminem   50 Cent
2019-07-27,Tip Of My Tongue,Kenny Chesney
2019-07-27,Baguettes In The Face,Mustard featuring NAV  Playboi Carti   A Boogie Wit da Hoodie
2019-07-27,Like A Rodeo,Kane Brown
2019-07-27,Time,NF
2019-07-27,Southbound,Carrie Underwood
2019-07-27,Spirit,Beyonce
2019-07-27,Best Part Of Me,Ed Sheeran  YEBBA
2019-08-03,How Do You Sleep,Sam Smith
2019-08-03,Baby,Lil Baby   DaBaby
2019-08-03,China,Anuel AA  Daddy Yankee  Karol G  Ozuna   J Balvin
2019-08-03,The Archer,Taylor Swift
2019-08-03,Brown Skin Girl,Beyonce  SAINt JHN   Wizkid  Blue Ivy Carter
2019-08-03,Hate Me,Ellie Goulding   Juice WRLD
2019-08-03,Mood 4 Eva,Beyonce  JAY-Z   Childish Gambino  Oumou Sangare
2019-08-03,Ballin,Mustard  Roddy Ricch
2019-08-10,Gold Roses,Rick Ross  Drake
2019-08-10,Hot Shower,Chance The Rapper  MadeinTYO   DaBaby
2019-08-10,Single Again,Big Sean
2019-08-10,Takeaway,The Chainsmokers   Illenium  Lennon Stella
2019-08-10,Living,Dierks Bentley
2019-08-10,Leave Me Alone,NF
2019-08-10,Daddy,Blueface   Rich The Kid
2019-08-10,All Day Long,Chance The Rapper  John Legend
2019-08-10,Do You Remember,Chance The Rapper  Death Cab For Cutie
2019-08-17,Boyfriend,Ariana Grande   Social House
2019-08-17,Trust Issues,Drake
2019-08-17,How About Now,Drake
2019-08-17,The Motion,Drake
2019-08-17,Queen Of Mean,Sarah Jeffery
2019-08-17,Dreams Money Can Buy,Drake
2019-08-17,Uno,Ambjaay
2019-08-17,Club Paradise,Drake
2019-08-17,We Were,Keith Urban
2019-08-17,Fear Inoculum,Tool
2019-08-17,Love You Too Late,Cole Swindell
2019-08-17,Days In The East,Drake
2019-08-17,What Happens In A Small Town,Brantley Gilbert   Lindsay Ell
2019-08-17,Prayed For You,Matt Stell
2019-08-24,Hot Girl Summer,Megan Thee Stallion  Nicki Minaj   Ty Dolla $ign
2019-08-24,Mac 10,Trippie Redd  Lil Baby   Lil Duke
2019-08-24,Small Talk,Katy Perry
2019-08-24,Night Falls,Dove Cameron  Sofia Carson  Booboo Stewart  Cameron Boyce  Thomas Doherty  China Anne McClain   Dylan Playfair
2019-08-24,On Chill,Wale  Jeremih
2019-08-24,Snake Skin,Trippie Redd
2019-08-24,Buy My Own Drinks,Runaway June
2019-08-24,F.N,Lil Tjay
2019-08-24,Baby Sitter,DaBaby  Offset
2019-08-31,Lover,Taylor Swift
2019-08-31,Hot,Young Thug  Gunna
2019-08-31,Bad Bad Bad,Young Thug  Lil Baby
2019-08-31,Motivation,Normani
2019-08-31,Slide Away,Miley Cyrus
2019-08-31,What s The Move,Young Thug  Lil Uzi Vert
2019-08-31,Just How It Is,Young Thug
2019-08-31,Surf,Young Thug  Gunna
2019-08-31,Sup Mate,Young Thug  Future
2019-08-31,Won t Be Late,Swae Lee  Drake
2019-08-31,Heartless,Diplo Presents Thomas Wesley  Morgan Wallen
2019-08-31,Light It Up,Young Thug
2019-08-31,Juicy,Doja Cat   Tyga
2019-08-31,Lil Baby,Young Thug
2019-08-31,Ecstasy,Young Thug  Machine Gun Kelly
2019-08-31,Every Little Thing,Russell Dickerson
2019-08-31,Did It Again,Lil Tecca
2019-09-07,The Man,Taylor Swift
2019-09-07,I Forgot That You Existed,Taylor Swift
2019-09-07,Cruel Summer,Taylor Swift
2019-09-07,Paper Rings,Taylor Swift
2019-09-07,Miss Americana   The Heartbreak Prince,Taylor Swift
2019-09-07,I Think He Knows,Taylor Swift
2019-09-07,Good As Hell,Lizzo
2019-09-07,Cornelia Street,Taylor Swift
2019-09-07,London Boy,Taylor Swift
2019-09-07,Soon You ll Get Better,Taylor Swift  Dixie Chicks
2019-09-07,Death By A Thousand Cuts,Taylor Swift
2019-09-07,Afterglow,Taylor Swift
2019-09-07,False God,Taylor Swift
2019-09-07,Playing Games,Summer Walker
2019-09-07,Daylight,Taylor Swift
2019-09-07,One Man Band,Old Dominion
2019-09-07,It s Nice To Have A Friend,Taylor Swift
2019-09-14,Circles,Post Malone
2019-09-14,Doin  Time,Lana Del Rey
2019-09-14,Babushka Boi,A$AP Rocky
2019-09-14,Heat,Chris Brown  Gunna
2019-09-14,Out Of Luck,Lil Tecca
2019-09-14,Shots,Lil Tecca
2019-09-14,Bezerk,Big Sean  A$AP Ferg   Hit-Boy
2019-09-14,Good Vibes,Chris Janson
2019-09-14,God Only Knows,for KING   COUNTRY
2019-09-14,The Bones,Maren Morris
2019-09-14,Love Me,Lil Tecca
2019-09-14,La Cancion,J Balvin   Bad Bunny
2019-09-21,Take What You Want,Post Malone  Ozzy Osbourne   Travis Scott
2019-09-21,Hollywood s Bleeding,Post Malone
2019-09-21,Enemies,Post Malone  DaBaby
2019-09-21,Saint-Tropez,Post Malone
2019-09-21,Die For Me,Post Malone  Future   Halsey
2019-09-21,On The Road,Post Malone  Meek Mill   Lil Baby
2019-09-21,A Thousand Bad Times,Post Malone
2019-09-21,I m Gonna Be,Post Malone
2019-09-21,Staring At The Sun,Post Malone  SZA
2019-09-21,Allergic,Post Malone
2019-09-21,Myself,Post Malone
2019-09-21,I Know,Post Malone
2019-09-21,Liar,Camila Cabello
2019-09-21,Internet,Post Malone
2019-09-21,Shameless,Camila Cabello
2019-09-21,Self Control,YoungBoy Never Broke Again
2019-09-21,homecoming queen,Kelsea Ballerini
2019-09-21,223 s,YNW Melly   9lokknine
2019-09-28,Don t Call Me Angel  Charlie s Angels,Ariana Grande  Miley Cyrus   Lana Del Rey
2019-09-28,Camelot,NLE Choppa
2019-09-28,Graveyard,Halsey
2019-09-28,Behind Barz,Drake
2019-09-28,Mood Swings,A Boogie Wit da Hoodie
2019-09-28,Hot Girl Bummer,Blackbear
2019-09-28,1  2 Many,Luke Combs   Brooks   Dunn
2019-09-28,Remember You Young,Thomas Rhett
2019-10-05,INTRO,DaBaby
2019-10-05,Memories,Maroon 5
2019-10-05,Adicto,Tainy  Anuel AA   Ozuna
2019-10-05,Stuck In A Dream,Lil Mosey Gunna
2019-10-05,Loco Contigo,DJ Snake  J. Balvin   Tyga
2019-10-12,BOP,DaBaby
2019-10-12,VIBEZ,DaBaby
2019-10-12,TOES,DaBaby  Lil Baby   Moneybagg Yo
2019-10-12,iPHONE,DaBaby   Nicki Minaj
2019-10-12,OFF THE RIP,DaBaby
2019-10-12,POP STAR,DaBaby  Kevin Gates
2019-10-12,RAW SHIT,DaBaby  Migos
2019-10-12,GOSPEL,DaBaby  Chance The Rapper  Gucci Mane   YK Osiris
2019-10-12,Writing On The Wall,French Montana  Post Malone  Cardi B   Rvssian
2019-10-12,REALLY,DaBaby  Stunna 4 Vegas
2019-10-12,XXL,DaBaby
2019-10-12,PROLLY HEARD,DaBaby
2019-10-12,Chicken Noodle Soup,j-hope  Becky G.
2019-10-12,Heartache Medication,Jon Pardi
2019-10-12,By My Lonely,Kevin Gates
2019-10-12,There He Go,DaBaby
2019-10-19,HIGHEST IN THE ROOM,Travis Scott
2019-10-19,10 000 Hours,Dan   Shay   Justin Bieber
2019-10-19,Bandit,Juice WRLD   YoungBoy Never Broke Again
2019-10-19,Come Thru,Summer Walker   Usher
2019-10-19,I ll Kill You,Summer Walker  Jhene Aiko
2019-10-19,Stretch You Out,Summer Walker  A Boogie Wit da Hoodie
2019-10-19,Body,Summer Walker
2019-10-19,Drunk Dialing...LODT,Summer Walker
2019-10-19,Over It,Summer Walker
2019-10-19,Nice To Meet Ya,Niall Horan
2019-10-19,Leave Em Alone,Layton Greene  Lil Baby  City Girls   PnB Rock
2019-10-19,Potential,Summer Walker
2019-10-19,Dance Monkey,Tones and I
2019-10-26,Lights Up,Harry Styles
2019-10-26,Lonely Child,YoungBoy Never Broke Again
2019-10-26,Make No Sense,YoungBoy Never Broke Again
2019-10-26,Carter Son,YoungBoy Never Broke Again
2019-10-26,Kinfolks,Sam Hunt
2019-10-26,Hot Now,YoungBoy Never Broke Again
2019-10-26,All Dat,Moneybagg Yo Megan Thee Stallon
2019-10-26,In Control,YoungBoy Never Broke Again
2019-10-26,Time I m On,YoungBoy Never Broke Again
2019-10-26,Rich As Hell,YoungBoy Never Broke Again
2019-11-02,Lose You To Love Me,Selena Gomez
2019-11-02,Somebody,Internet Money  Lil Tecca   A Boogie Wit da Hoodie
2019-11-02,DHL,Frank Ocean
2019-11-09,Follow God,Kanye West
2019-11-09,Closed On Sunday,Kanye West
2019-11-09,Selah,Kanye West
2019-11-09,On God,Kanye West
2019-11-09,Look At Her Now.,Selena Gomez
2019-11-09,Everything We Need,Kanye West  Ty Dolla $ign   Ant Clemons
2019-11-09,God Is,Kanye West
2019-11-09,Use This Gospel,Kanye West  Clipse   Kenny G
2019-11-09,Thriller,Michael Jackson
2019-11-09,Every Hour,Kanye West  Sunday Service Choir
2019-11-09,Water,Kanye West  Ant Clemons
2019-11-09,Hands On,Kanye West  Fred Hammond
2019-11-09,Jesus Is Lord,Kanye West
2019-11-09,Start Wit Me,Roddy Ricch   Gunna
2019-11-09,What She Wants Tonight,Luke Bryan
2019-11-16,Don t Start Now,Dua Lipa
2019-11-16,Roxanne,Arizona Zervas
2019-11-16,Immortal,21 Savage
2019-11-16,It All Comes Out In The Wash,Miranda Lambert
2019-11-16,Love Me More,Trippie Redd
2019-11-16,In My Room,Frank Ocean
2019-11-16,Ridin  Roads,Dustin Lynch
2019-11-16,For My Daughter,Kane Brown
2019-11-16,Easy,DaniLeigh  Chris Brown
2019-11-16,Big Boy Diamonds,Gucci Mane  Kodak Black   London On Da Track
2019-11-23,Woah,Lil Baby
2019-11-23,Heart On Ice,Rod Wave
2019-11-23,Better Together,Luke Combs
2019-11-23,everything i wanted,Billie Eilish
2019-11-23,Tusa,Karol G   Nicki Minaj
2019-11-23,Yellow Hearts,Ant Saunders
2019-11-23,Jerry Sprunger,Tory Lanez   T-Pain
2019-11-23,Show Me Love,Alicia Keys  Miguel
2019-11-23,Valentino,24kGoldn
2019-11-30,Reply,A Boogie Wit da Hoodie  Lil Uzi Vert
2019-11-30,None Of Your Concern,Jhene Aiko  Big Sean
2019-11-30,Watermelon Sugar,Harry Styles
2019-11-30,The Take,Tory Lanez  Chris Brown
2019-11-30,Falling,Trevor Daniel
2019-11-30,Beauty In The Benz,Tory Lanez  Snoop Dogg
2019-11-30,Up All Night,Khalid
2019-11-30,We Back,Jason Aldean
2019-11-30,Homesick,Kane Brown
2019-11-30,Death,Trippie Redd  DaBaby
2019-11-30,Hell Right,Blake Shelton  Trace Adkins
2019-11-30,RITMO  Bad Boys For Life,The Black Eyed Peas J Balvin
2019-12-07,Heartless,The Weeknd
2019-12-07,Vete,Bad Bunny
2019-12-07,Into The Unknown,Idina Menzel   AURORA
2019-12-07,Who Needs Love,Trippie Redd
2019-12-07,6 Kiss,Trippie Redd  Juice WRLD   YNW Melly
2019-12-07,Loyal,PARTYNEXTDOOR  Drake
2019-12-07,Suicidal,YNW Melly
2019-12-07,Hate Me,Trippie Redd  YoungBoy Never Broke Again
2019-12-07,Candy,Doja Cat
2019-12-07,Cuban Links,Rod Wave   Kevin Gates
2019-12-07,Into The Unknown,Panic  At The Disco
2019-12-07,Show Yourself,Idina Menzel   Evan Rachel Wood
2019-12-14,Blinding Lights,The Weeknd
2019-12-14,Happy Holiday   The Holiday Season,Andy Williams
2019-12-14,No Idea,Don Toliver
2019-12-14,Like It s Christmas,Jonas Brothers
2019-12-14,Tip Toe,Roddy Ricch  A Boogie Wit da Hoodie
2019-12-21,Legends,Juice WRLD
2019-12-21,Adore You,Harry Styles
2019-12-21,The Box,Roddy Ricch
2019-12-21,Christmas Tree Farm,Taylor Swift
2019-12-21,Peta,Roddy Ricch  Meek Mill
2019-12-21,My Oh My,Camila Cabello  DaBaby
2019-12-21,Bad Vibes Forever,XXXTENTACION  PnB Rock   Trippie Redd
2019-12-21,Lord Above,Fat Joe   Dre  Eminem   Mary J. Blige
2019-12-21,Big Stepper,Roddy Ricch
2019-12-21,BEST ON EARTH,Russ   BIA
2019-12-28,Futsal Shuffle 2020,Lil Uzi Vert
2019-12-28,Falling,Harry Styles
2019-12-28,Dirty Iyanna,YoungBoy Never Broke Again
2019-12-28,Let Me Know  I Wonder Why Freestyle,Juice WRLD
2019-12-28,Nobody But You,Blake Shelton Duet With Gwen Stefani
2019-12-28,Famous Hoes,NLE Choppa
2019-12-28,Cherry,Harry Styles
2019-12-28,Golden,Harry Styles
2019-12-28,She,Harry Styles
2020-01-04,Ballin,Mustard   Roddy Ricch
2020-01-04,Everything I Wanted,Billie Eilish
2020-01-04,Baby It s Cold Outside,Dean Martin
2020-01-04,You re A Mean One    Grinch,Thurl Ravenscroft
2020-01-04,Suicidal,YNW Melly   Juice WRLD
2020-01-04,Happy Xmas  War Is Over,John Legend
2020-01-04,Slide,H.E.R.  YG
2020-01-04,RITMO  Bad Boys For Life,Black Eyed Peas J Balvin
2020-01-11,Out West,JACKBOYS  Young Thug
2020-01-11,GANG GANG,JACKBOYS   Sheck Wes
2020-01-11,HAD ENOUGH,Don Toliver  Quavo   Offset
2020-01-11,WHAT TO DO,JACKBOYS  Don Toliver
2020-01-11,GATTI,JACKBOYS  Pop Smoke   Travis Scott
2020-01-11,High Fashion,Roddy Ricch  Mustard
2020-01-11,I Hope,Gabby Barrett  Charlie Puth
2020-01-11,Make Me Want To,Jimmie Allen
2020-01-11,More Hearts Than Mine,Ingrid Andress
2020-01-11,I Wish Grandpas Never Died,Riley Green
2020-01-11,Slow Dance In A Parking Lot,Jordan Davis
2020-01-11,July,Noah Cyrus   Leon Bridges
2020-01-18,Yummy,Justin Bieber
2020-01-18,U Played,MoneyBagg Yo  Lil Baby
2020-01-18,SUGAR,BrockHampton
2020-01-18,All I Want,Olivia Rodrigo
2020-01-18,I Hope You re Happy Now,Carly Pearce   Lee Brice
2020-01-18,20 20,Lil Tjay
2020-01-18,Say So,Doja Cat  Nicki Minaj
2020-01-18,ORANGE SODA,Baby Keem
2020-01-18,All Dat,Moneybagg Yo Megan Thee Stallion
2020-01-25,Life Is Good,Future  Drake
2020-01-25,Sum 2 Prove,Lil Baby
2020-01-25,Good News,Mac Miller
2020-01-25,You Should Be Sad,Halsey
2020-01-25,Rare,Selena Gomez
2020-01-25,Eleven,Khalid
2020-01-25,Conversations In The Dark,John Legend
2020-01-25,Protect da Brand,Moneybagg Yo  DaBaby
2020-02-01,Godzilla,Eminem  Juice WRLD
2020-02-01,What A Man Gotta Do,Jonas Brothers
2020-02-01,Darkness,Eminem
2020-02-01,Those Kinda Nights,Eminem  Ed Sheeran
2020-02-01,Unaccommodating,Eminem  Young M.A
2020-02-01,Blue World,Mac Miller
2020-02-01,Circles,Mac Miller
2020-02-01,You Gon  Learn,Eminem  Royce da 5 9    White Gold
2020-02-01,Black Swan,BTS
2020-02-01,P $$y Fairy  OTW,Jhene Aiko
2020-02-01,Leaving Heaven,Eminem  Skylar Grey
2020-02-01,Complicated,Mac Miller
2020-02-01,Hand Me Downs,Mac Miller
2020-02-01,Premonition  Intro,Eminem
2020-02-01,I Can See,Mac Miller
2020-02-01,In Too Deep,Eminem
2020-02-01,Woods,Mac Miller
2020-02-01,Everybody,Mac Miller
2020-02-01,Marsh,Eminem
2020-02-01,No Regrets,Eminem  Don Toliver
2020-02-01,Lock It Up,Eminem  Anderson .Paak
2020-02-01,Surf,Mac Miller
2020-02-01,Stepdad,Eminem
2020-02-01,That s On Me,Mac Miller
2020-02-08,B.I.T.C.H.,Megan Thee Stallion
2020-02-08,Anyone,Demi Lovato
2020-02-08,Letter To Nipsey,Meek Mill  Roddy Ricch
2020-02-08,Chasin  You,Morgan Wallen
2020-02-08,Before You Go,Lewis Capaldi
2020-02-08,Homemade,Jake Owen
2020-02-08,Underdog,Alicia Keys
2020-02-08,First Man,Camila Cabello
2020-02-08,What If I Told You That I Love You,Ali Gatie
2020-02-08,Catch,Brett Young
2020-02-08,Dive Bar,Garth Brooks   Blake Shelton
2020-02-15,I Do It,Lil Wayne  Big Sean   Lil Baby
2020-02-15,Only The Young,Taylor Swift
2020-02-15,Physical,Dua Lipa
2020-02-15,Mahogany,Lil Wayne
2020-02-15,King Of My City,A Boogie Wit da Hoodie
2020-02-15,Mama Mia,Lil Wayne
2020-02-15,Funeral,Lil Wayne
2020-02-15,Nice To Meet Ya,Meghan Trainor  Nicki Minaj
2020-02-15,Get Me,Justin Bieber  Kehlani
2020-02-22,Intentions,Justin Bieber  Quavo
2020-02-22,Yikes,Nicki Minaj
2020-02-22,Know Your Worth,Khalid Disclosure
2020-02-22,Blueberry Faygo,Lil Mosey
2020-02-22,Run,Joji
2020-02-22,Rodeo,Lil Nas   Cardi B Or Nas
2020-02-22,KEII,Anuel AA
2020-02-22,Believe,Meek Mill  Justin Timberlake
2020-02-22,Whats Poppin,Jack Harlow  DaBaby  Tory Lanez   Lil Wayne
2020-02-22,No Judgement,Niall Horan
2020-02-29,No Time To Die,Billie Eilish
2020-02-29,Numbers,A Boogie Wit da Hoodie  Roddy Ricch  Gunna   London On Da Track
2020-02-29,Forever,Justin Bieber  Post Malone   Clever
2020-02-29,To Die For,Sam Smith
2020-02-29,g n f  Give No Fxk,Migos  Young Thug   Travis Scott
2020-02-29,Dior,Pop Smoke
2020-02-29,Me and My Guitar,A Boogie Wit da Hoodie
2020-02-29,Go Stupid,Polo G  NLE Choppa   Stunna 4 Vegas
2020-02-29,Might Not Give Up,A Boogie Wit da Hoodie  Young Thug
2020-02-29,Thug Love,A Boogie Wit da Hoodie
2020-02-29,After Hours,The Weeknd
2020-02-29,Ignorantes,Bad Bunny   Sech
2020-02-29,Stain,A Boogie Wit da Hoodie  DaBaby
2020-02-29,Come Around Me,Justin Bieber
2020-02-29,Cinderella Story,A Boogie Wit da Hoodie
2020-02-29,Habitual,Justin Bieber
2020-02-29,All Around Me,Justin Bieber
2020-03-07,ON,BTS
2020-03-07,Lil Top,YoungBoy Never Broke Again
2020-03-07,Red Eye,YoungBoy Never Broke Again
2020-03-07,Fine By Time,YoungBoy Never Broke Again
2020-03-07,Bad Bad,YoungBoy Never Broke Again
2020-03-07,Knocked Off,YoungBoy Never Broke Again
2020-03-07,Moral Of The Story,Ashe  Niall Horan
2020-03-07,RIP Lil Phat,YoungBoy Never Broke Again
2020-03-07,My Time,BTS
2020-03-07,Long RD,YoungBoy Never Broke Again
2020-03-07,Filter,BTS
2020-03-07,Bat Man,YoungBoy Never Broke Again
2020-03-07,Shake The Room,Pop Smoke  Quavo
2020-03-07,Feel Me,Selena Gomez
2020-03-14,Stupid Love,Lady Gaga
2020-03-14,Heatin Up,Lil Baby   Gunna
2020-03-14,That Way,Lil Uzi Vert
2020-03-14,Commercial,Lil Baby  Lil Uzi Vert
2020-03-14,Live Off My Closet,Lil Baby  Future
2020-03-14,Emotionally Scarred,Lil Baby
2020-03-14,Si Veo A Tu Mama,Bad Bunny
2020-03-14,La Dificil,Bad Bunny
2020-03-14,PTSD,G Herbo  Chance The Rapper  Juice WRLD   Lil Uzi Vert
2020-03-14,Grace,Lil Baby   42 Dugg
2020-03-14,La Santa,Bad Bunny Daddy Yankee
2020-03-14,Get Ugly,Lil Baby
2020-03-14,No Sucker,Lil Baby   Moneybagg Yo
2020-03-14,How,Lil Baby
2020-03-14,The Other Side,SZA Justin Timberlake
2020-03-14,Pero Ya No,Bad Bunny
2020-03-14,Forever,Lil Baby  Lil Wayne
2020-03-14,Yo Perreo Sola,Bad Bunny
2020-03-14,Same Thing,Lil Baby
2020-03-14,Safaera,Bad Bunny  Jowell   Randy   Nengo Flow
2020-03-14,Bichiyal,Bad Bunny   Yaviah
2020-03-14,We Should,Lil Baby   Young Thug
2020-03-14,Solia,Bad Bunny
2020-03-14,Esta Cabron Ser Yo,Bad Bunny Anuel AA
2020-03-14,Sunday Best,Surfaces
2020-03-14,Can t Explain,Lil Baby
2020-03-21,Baby Pluto,Lil Uzi Vert
2020-03-21,Lo Mein,Lil Uzi Vert
2020-03-21,Silly Watch,Lil Uzi Vert
2020-03-21,P2,Lil Uzi Vert
2020-03-21,I Love Me,Demi Lovato
2020-03-21,Homecoming,Lil Uzi Vert
2020-03-21,B.S.,Jhene Aiko  H.E.R.
2020-03-21,Prices,Lil Uzi Vert
2020-03-21,POP,Lil Uzi Vert
2020-03-21,Bigger Than Life,Lil Uzi Vert
2020-03-21,Celebration Station,Lil Uzi Vert
2020-03-21,You Better Move,Lil Uzi Vert
2020-03-21,I m Sorry,Lil Uzi Vert
2020-03-21,Venetia,Lil Uzi Vert
2020-03-21,Chrome Heart Tags,Lil Uzi Vert
2020-03-21,Bust Me,Lil Uzi Vert
2020-03-21,Happiness Over Everything  H.O.E.,Jhene Aiko  Future   Miguel
2020-03-21,Secure The Bag,Lil Uzi Vert
2020-03-21,Captain Hook,Megan Thee Stallion
2020-03-21,Urgency,Lil Uzi Vert  Syd
2020-03-21,SkyBox,Gunna
2020-03-21,Oprah s Bank Account,Lil Yachty  Drake   DaBaby
2020-03-28,Myron,Lil Uzi Vert
2020-03-28,Bean  Kobe,Lil Uzi Vert  Chief Keef
2020-03-28,Yessirskiii,Lil Uzi Vert   21 Savage
2020-03-28,Lotus,Lil Uzi Vert
2020-03-28,Wassup,Lil Uzi Vert  Future
2020-03-28,Strawberry Peels,Lil Uzi Vert  Young Thug   Gunna
2020-03-28,Moon Relate,Lil Uzi Vert
2020-03-28,I Can Show You,Lil Uzi Vert
2020-03-28,Trap This Way  This Way,Lil Uzi Vert
2020-03-28,Death Bed,Powfu  beabadoobee
2020-03-28,Leaders,Lil Uzi Vert  NAV
2020-03-28,No Auto,Lil Uzi Vert  Lil Durk
2020-03-28,Come This Way,Lil Uzi Vert
2020-03-28,Does To Me,Luke Combs  Eric Church
2020-03-28,Got The Guap,Lil Uzi Vert  Young Thug
2020-03-28,Supalonely,BENEE  Gus Dapperton
2020-03-28,Money Spread,Lil Uzi Vert  Young Nudy
2020-03-28,Cardigan,Don Toliver
2020-03-28,Beer Can t Fix,Thomas Rhett  Jon Pardi
2020-03-28,Savage,Megan Thee Stallion
2020-04-04,In Your Eyes,The Weeknd
2020-04-04,Alone Again,The Weeknd
2020-04-04,Scared To Live,The Weeknd
2020-04-04,Hardest To Love,The Weeknd
2020-04-04,Too Late,The Weeknd
2020-04-04,Snowchild,The Weeknd
2020-04-04,Escape From LA,The Weeknd
2020-04-04,Save Your Tears,The Weeknd
2020-04-04,Faith,The Weeknd
2020-04-04,Roses,SAINt JHN
2020-04-04,Repeat After Me  Interlude,The Weeknd
2020-04-04,Until I Bleed Out,The Weeknd
2020-04-04,Walk Em Down,NLE Choppa  Roddy Ricch
2020-04-04,The Other Girl,Kelsea Ballerini Halsey
2020-04-11,Turks,NAV  Gunna   Travis Scott
2020-04-11,Break My Heart,Dua Lipa
2020-04-11,Believe It,PARTYNEXTDOOR   Rihanna
2020-04-11,After A Few,Travis Denning
2020-04-11,I Love My Country,Florida Georgia Line
2020-04-11,Hard To Forget,Sam Hunt
2020-04-11,Last Time I Say Sorry,Kane Brown   John Legend
2020-04-11,If The World Was Ending,JP Saxe  Julia Michaels
2020-04-18,Toosie Slide,Drake
2020-04-18,Find My Way,DaBaby
2020-04-18,Fuck The World,Rod Wave
2020-04-18,Pray 4 Love,Rod Wave
2020-04-18,Be A Light,Thomas Rhett  Reba McEntire  Hillary Scott  Chris Tomlin   Keith Urban
2020-04-18,Thief In The Night,Rod Wave
2020-04-18,Tycoon,Future
2020-04-18,I Remember,Rod Wave
2020-04-18,The Greatest,Rod Wave
2020-04-18,Bluebird,Miranda Lambert
2020-04-18,Ribbon In The Sky,Rod Wave
2020-04-18,Here and Now,Kenny Chesney
2020-04-18,Thug Life,Rod Wave
2020-04-18,No Weakness,Rod Wave
2020-04-25,Level Of Concern,twenty one pilots
2020-04-25,Stupid Again,Tory Lanez
2020-04-25,Boyfriend,Selena Gomez
2020-04-25,Broke In A Minute,Tory Lanez
2020-04-25,Sigues Con El,Arcangel Sech
2020-04-25,Die From A Broken Heart,Maddie   Tae
2020-04-25,DND,Polo G
2020-04-25,In Between,Scotty McCreery
2020-04-25,Ride It.,Regard
2020-04-25,Girl Of My Dreams,Rod Wave
2020-04-25,Boss Bitch,Doja Cat
2020-05-02,Rockstar,DaBaby  Roddy Ricch
2020-05-02,Jump,DaBaby  YoungBoy Never Broke Again
2020-05-02,MEH,Playboi Carti
2020-05-02,I m Ready,Sam Smith   Demi Lovato
2020-05-02,PICK UP,DaBaby  Quavo
2020-05-02,NASTY,DaBaby  Ashanti   Megan Thee Stallion
2020-05-02,LIGHTSKIN SH T,DaBaby  Future   jetsonmade
2020-05-02,More Than My Hometown,Morgan Wallen
2020-05-02,CAN T STOP,DaBaby
2020-05-02,BLAME IT ON BABY,DaBaby
2020-05-02,SAD SHIT,DaBaby
2020-05-02,DROP,DaBaby  A Boogie Wit da Hoodie   London On Da Track
2020-05-02,TALK ABOUT IT,DaBaby
2020-05-02,CHAMPION,DaBaby
2020-05-02,I Dare You,Kelly Clarkson
2020-05-02,After Party,Don Toliver
2020-05-02,God Whispered Your Name,Keith Urban
2020-05-09,The Scotts,THE SCOTTS  Travis Scott   Kid Cudi
2020-05-09,Righteous,Juice WRLD
2020-05-09,All In,Lil Baby
2020-05-09,Goosebumps,Travis Scott
2020-05-09,Sasuke,Lil Uzi Vert
2020-05-09,Cool Again,Kane Brown
2020-05-09,Ain t Easy,YoungBoy Never Broke Again
2020-05-09,Party Girl,StaySolidRocky
2020-05-09,Diamonds,YoungBoy Never Broke Again
2020-05-09,Bout My Business,YoungBoy Never Broke Again  Sherhonda Gaulden
2020-05-09,Rough Ryder,YoungBoy Never Broke Again
2020-05-09,Drinking Alone,Carrie Underwood
2020-05-09,Thug Of Spades,YoungBoy Never Broke Again  DaBaby
2020-05-16,Pain 1993,Drake  Playboi Carti
2020-05-16,Chicago Freestyle,Drake  Giveon
2020-05-16,D4L,Future  Drake   Young Thug
2020-05-16,Not You Too,Drake  Chris Brown
2020-05-16,Desires,Drake  Future
2020-05-16,Be Kind,Marshmello   Halsey
2020-05-16,Time Flies,Drake
2020-05-16,Deep Pockets,Drake
2020-05-16,Demons,Drake  Fivio Foreign   Sosa Geek
2020-05-16,When To Say When,Drake
2020-05-16,Landed,Drake
2020-05-16,From Florida With Love,Drake
2020-05-16,Losses,Drake
2020-05-16,War,Drake
2020-05-16,Six Feet Apart,Luke Combs
2020-05-16,We Paid,Lil Baby   42 Dugg
2020-05-16,Social Distancing,Lil Baby
2020-05-16,Low Down,Lil Baby
2020-05-16,Humble,Lil Baby
2020-05-16,One Margarita,Luke Bryan
2020-05-16,Don t Rush,Young T   Bugsey  Headie One
2020-05-23,Stuck With U,Ariana Grande   Justin Bieber
2020-05-23,Gooba,6ix9ine
2020-05-23,3 Headed Goat,Lil Durk  Lil Baby   Polo G
2020-05-23,Can I,Kehlani  Tory Lanez
2020-05-23,Zoo York,Lil Tjay  Fivio Foreign   Pop Smoke
2020-05-23,Toxic,Kehlani
2020-05-23,Go Crazy,Chris Brown   Young Thug
2020-05-23,Change Your Life,Kehlani  Jhene Aiko
2020-05-23,Me Vs Me,Moneybagg Yo
2020-05-23,Viral Moment,Lil Durk
2020-05-30,Flex,Polo G  Juice WRLD
2020-05-30,Solitaires,Future  Travis Scott
2020-05-30,X,Jonas Brothers  Karol G
2020-05-30,Trillionaire,Future  YoungBoy Never Broke Again
2020-05-30,Daisies,Katy Perry
2020-05-30,Trapped In The Sun,Future
2020-05-30,All Bad,Future  Lil Uzi Vert
2020-05-30,Be Something,Polo G  Lil Baby
2020-05-30,Martin   Gina,Polo G
2020-05-30,21,Polo G
2020-05-30,Hard To Choose One,Future
2020-05-30,Ridin Strikers,Future
2020-05-30,Hitek Tek,Future
2020-05-30,Too Comfortable,Future
2020-05-30,Posted With Demons,Future
2020-05-30,Touch The Sky,Future
2020-05-30,One Of My,Future
2020-05-30,Harlem Shake,Future  Young Thug
2020-05-30,Don t Believe The Hype,Polo G
2020-05-30,Beautiful Pain  Losin My Mind,Polo G
2020-05-30,33,Polo G
2020-05-30,I Know,Polo G
2020-06-06,Rain On Me,Lady Gaga   Ariana Grande
2020-06-06,Dollaz On My Head,Gunna  Young Thug
2020-06-06,Cooler Than A Bitch,Gunna  Roddy Ricch
2020-06-06,Top Floor,Gunna  Travis Scott
2020-06-06,Wunna,Gunna
2020-06-06,Blindfold,Gunna  Lil Baby
2020-06-06,Need It,Migos  YoungBoy Never Broke Again
2020-06-06,Argentina,Gunna
2020-06-06,Met Gala,Gunna
2020-06-06,Daechwita,Agust D
2020-06-06,Nasty Girl   On Camera,Gunna
2020-06-06,MOTW,Gunna
2020-06-06,Gimmick,Gunna
2020-06-06,Feigning,Gunna
2020-06-06,ily,surf mesa  Emilee
2020-06-13,Sour Candy,Lady Gaga   BLACKPINK
2020-06-13,Tell Me U Luv Me,Juice WRLD   Trippie Redd
2020-06-13,TKN,ROSALIA   Travis Scott
2020-06-13,Got What I Got,Jason Aldean
2020-06-13,One Big Country Song,LOCASH
2020-06-13,T.D,Lil Yachty   Tierra Whack  A$AP Rocky   Tyler  The Creator
2020-06-13,Alice,Lady Gaga
2020-06-13,Hasta Que Dios Diga,Anuel AA   Bad Bunny
2020-06-13,Why We Drink,Justin Moore
2020-06-13,Lose Somebody,Kygo   OneRepublic
2020-06-13,One Of Them Girls,Lee Brice
2020-06-13,Like That,Doja Cat  Gucci Mane
2020-06-13,One Beer,HARDY  Lauren Alaina   Devin Dawson
2020-06-20,Otherside Of America,Meek Mill
2020-06-20,Deep End Freestyle,Sleepy Hallow
2020-06-20,Mamacita,Black Eyed Peas  Ozuna   J.Rey Soul
2020-06-20,One Night Standards,Ashley McBryde
2020-06-20,Hard Days,Brantley Gilbert
2020-06-20,Worldwide Beautiful,Kane Brown
2020-06-27,Trollz,6ix9ine   Nicki Minaj
2020-06-27,The Bigger Picture,Lil Baby
2020-06-27,Make It Rain,Pop Smoke  Rowdy Rebel
2020-06-27,Go,Kid LAROI   Juice WRLD
2020-06-27,Shotta Flow 5,NLE Choppa
2020-06-27,Snow On Tha Bluff,J. Cole
2020-06-27,Tommy Lee,Tyla Yaweh   Post Malone
2020-06-27,Savage Love  Laxed - Siren Beat,Jawsh 685 Jason Derulo
2020-06-27,Do It,Chloe Halle
2020-06-27,Done,Chris Janson
2020-06-27,The Man Who Loves You The Most,Zac Brown Band
2020-06-27,Need Me,J.I The Prince Of N.Y
2020-07-04,Black Parade,Beyonce
2020-07-04,Bleed,A Boogie Wit da Hoodie
2020-07-04,My Truck,Breland
2020-07-04,One Shot,YoungBoy Never Broke Again  Lil Baby
2020-07-04,Pretty Heart,Parker McCollum
2020-07-04,Bang,AJR
2020-07-11,Girls In The Hood,Megan Thee Stallion
2020-07-11,How You Like That,BLACKPINK
2020-07-11,Wash Us In The Blood,Kanye West  Travis Scott
2020-07-11,Know My Rights,6LACK  Lil Baby
2020-07-11,Past Life,Trevor Daniel Selena Gomez
2020-07-11,Stick That In Your Country Song,Eric Church
2020-07-11,Lovin  On You,Luke Combs
2020-07-11,Rags2Riches,Rod Wave  ATR Son Son
2020-07-11,I Called Mama,Tim McGraw
2020-07-18,For The Night,Pop Smoke  Lil Baby   DaBaby
2020-07-18,The Woo,Pop Smoke  50 Cent   Roddy Ricch
2020-07-18,Got It On Me,Pop Smoke
2020-07-18,Aim For The Moon,Pop Smoke  Quavo
2020-07-18,Gangstas,Pop Smoke
2020-07-18,44 Bulldog,Pop Smoke
2020-07-18,Something Special,Pop Smoke
2020-07-18,Yea Yea,Pop Smoke
2020-07-18,Mood Swings,Pop Smoke  Lil Tjay
2020-07-18,What You Know Bout Love,Pop Smoke
2020-07-18,Snitchin,Pop Smoke  Quavo   Future
2020-07-18,Bad Bitch From Tokyo  Intro,Pop Smoke
2020-07-18,Enjoy Yourself,Pop Smoke  Karol G
2020-07-18,Creature,Pop Smoke  Swae Lee
2020-07-18,Said Sum,Moneybagg Yo
2020-07-18,West Coast Shit,Pop Smoke  Tyga   Quavo
2020-07-18,Life s A Mess,Juice WRLD Halsey
2020-07-18,Diana,Pop Smoke  King Combs
2020-07-18,Tunnel Vision  Outro,Pop Smoke
2020-07-18,YaYa,6ix9ine
2020-07-25,Come   Go,Juice WRLD Marshmello
2020-07-25,Wishing Well,Juice WRLD
2020-07-25,Conversations,Juice WRLD
2020-07-25,Hate The Other Side,Juice WRLD   Marshmello  Polo G   The Kid LAROI
2020-07-25,Blood On My Jeans,Juice WRLD
2020-07-25,Titanic,Juice WRLD
2020-07-25,Bad Energy,Juice WRLD
2020-07-25,The Adventures Of Moon Man   Slim Shady,Kid Cudi   Eminem
2020-07-25,Stay High,Juice WRLD
2020-07-25,Fighting Demons,Juice WRLD
2020-07-25,Up Up and Away,Juice WRLD
2020-07-25,Screw Juice,Juice WRLD
2020-07-25,I Want It,Juice WRLD
2020-07-25,Can t Die,Juice WRLD
2020-07-25,Man Of The Year,Juice WRLD
2020-07-25,Be Like That,Kane Brown With Swae Lee   Khalid
2020-07-25,Let It Go,Summer Walker
2020-07-25,My Affection,Summer Walker   PARTYNEXTDOOR
2020-07-25,Tap In,Saweetie
2020-08-01,Popstar,DJ Khaled  Drake
2020-08-01,Greece,DJ Khaled  Drake
2020-08-01,Breaking Me,Topic   A7S
2020-08-01,The Climb Back,J. Cole
2020-08-08,Cardigan,Taylor Swift
2020-08-08,The 1,Taylor Swift
2020-08-08,Exile,Taylor Swift  Bon Iver
2020-08-08,The Last Great American Dynasty,Taylor Swift
2020-08-08,My Tears Ricochet,Taylor Swift
2020-08-08,August,Taylor Swift
2020-08-08,Mirrorball,Taylor Swift
2020-08-08,Seven,Taylor Swift
2020-08-08,Invisible String,Taylor Swift
2020-08-08,This Is Me Trying,Taylor Swift
2020-08-08,Betty,Taylor Swift
2020-08-08,Illicit Affairs,Taylor Swift
2020-08-08,Nobody s Love,Maroon 5
2020-08-08,Mad Woman,Taylor Swift
2020-08-08,Lion King On Ice,J. Cole
2020-08-08,Happy Anywhere,Blake Shelton  Gwen Stefani
2020-08-08,Epiphany,Taylor Swift
2020-08-08,Peace,Taylor Swift
2020-08-08,Un Dia  One Day,J Balvin  Dua Lipa  Bad Bunny   Tainy
2020-08-08,Hoax,Taylor Swift
2020-08-08,Perfect,Logic
2020-08-15,My Future,Billie Eilish
2020-08-15,Move Ya Hips,A$AP Ferg  Nicki Minaj   MadeinTYO
2020-08-15,I Should Probably Go To Bed,Dan   Shay
2020-08-15,No Dribble,DaBaby Stunna 4 Vegas
2020-08-22,WAP,Cardi B  Megan Thee Stallion
2020-08-22,Smile,Juice WRLD   The Weeknd
2020-08-22,Letter From Houston,Rod Wave
2020-08-22,Kings   Queens,Ava Max
2020-08-22,My Ex s Best Friend,Machine Gun Kelly blackbear
2020-08-22,Mood,24kGoldn  iann dior
2020-08-22,Freestyle,Rod Wave
2020-08-22,Some Girls,Jameson Rodgers
2020-08-22,La Jeepeta,Nio Garcia Anuel AA Myke Towers Brray Juanka
2020-08-22,B tch From da Souf,Mulatto
2020-08-29,Laugh Now Cry Later,Drake  Lil Durk
2020-08-29,7 Summers,Morgan Wallen
2020-08-29,Midnight Sky,Miley Cyrus
2020-08-29,Kacey Talk,YoungBoy Never Broke Again
2020-08-29,Heather,Conan Gray
2020-08-29,Lemonade,Internet Money   Gunna  Don Toliver   NAV
2020-08-29,24,Money Man  Lil Baby
2020-08-29,Caramelo,Ozuna Karol G Myke Towers
2020-08-29,Lonely If You Are,Chase Rice
2020-09-05,Dynamite,BTS
2020-09-05,The Plan,Travis Scott
2020-09-05,Hawai,Maluma   The Weeknd
2020-09-05,All In,YoungBoy Never Broke Again
2020-09-05,You Broke Me First.,Tate McRae
2020-09-05,Spicy,Nas  Fivio Foreign   A$AP Ferg
2020-09-12,Ice Cream,BLACKPINK Selena Gomez
2020-09-12,Over Now,Calvin Harris The Weeknd
2020-09-12,Starting Over,Chris Stapleton
2020-09-12,Blastoff,Internet Money  Juice WRLD   Trippie Redd
2020-09-12,Expensive,Ty Dolla $ign  Nicki Minaj
2020-09-12,Lets Link,WhoHeem
2020-09-12,Ain t Always The Cowboy,Jon Pardi
2020-09-19,Hit Different,SZA  Ty Dolla $ign
2020-09-19,The Voice,Lil Durk
2020-09-19,Relacion,Sech  Daddy Yankee   J Balvin  ROSALIA   Farruko
2020-09-19,Wolves,Big Sean  Post Malone
2020-09-19,Lithuania,Big Sean  Travis Scott
2020-09-19,Deep Reverence,Big Sean  Nipsey Hussle
2020-09-19,Love You Like I Used To,Russell Dickerson
2020-09-19,Body Language,Big Sean  Ty Dolla $ign   Jhene Aiko
2020-09-19,Everywhere But On,Matt Stell
2020-09-19,Why Would I Stop,Big Sean
2020-09-26,My Window,YoungBoy Never Broke Again  Lil Wayne
2020-09-26,OK Not To Be OK,Marshmello   Demi Lovato
2020-09-26,Drug Addiction,YoungBoy Never Broke Again
2020-09-26,Gone Too Soon,Andrew Jannakos
2020-09-26,Dead Trollz,YoungBoy Never Broke Again
2020-09-26,Cross Roads,YoungBoy Never Broke Again
2020-09-26,The Last Backyard...,YoungBoy Never Broke Again
2020-09-26,Right Foot Creep,YoungBoy Never Broke Again
2020-09-26,You Got It,VEDO
2020-09-26,Dirty Stick,YoungBoy Never Broke Again
2020-10-03,Holy,Justin Bieber  Chance The Rapper
2020-10-03,Diamonds,Sam Smith
2020-10-03,One Too Many,Keith Urban Duet With P nk
2020-10-03,Without You,Luke Combs  Amanda Shires
2020-10-03,Dolly,Lil Tecca   Lil Uzi Vert
2020-10-03,When You Down,Lil Tecca   Polo G  Lil Durk
2020-10-03,Me Gusta,Anitta  Cardi B   Myke Towers
2020-10-03,Wet.  She Got That...,YFN Lucci
2020-10-03,Whole Lotta Choppas,Sada Baby  Nicki Minaj
2020-10-03,Blind,DaBaby  Young Thug
2020-10-10,Franchise,Travis Scott  Young Thug   M.I.A.
2020-10-10,Forget Me Too,Machine Gun Kelly   Halsey
2020-10-10,Epidemic,Polo G
2020-10-10,Bloody Valentine,Machine Gun Kelly
2020-10-10,U 2 Luv,Ne-Yo   Jeremih
2020-10-10,Better,Zayn
2020-10-10,Drunk Face,Machine Gun Kelly
2020-10-10,Big  Big Plans,Chris Lane
2020-10-10,Ay  Dios Mio,Karol G
2020-10-10,Good Time,Niko Moon
2020-10-10,Put Your Records On,Ritt Momney
2020-10-10,Money Over Fallouts,Tory Lanez
2020-10-17,Runnin,21 Savage   Metro Boomin
2020-10-17,Right Now,21 Savage   Metro Boomin  Drake
2020-10-17,Wonder,Shawn Mendes
2020-10-17,Glock In My Lap,21 Savage   Metro Boomin
2020-10-17,Dreams,Fleetwood Mac
2020-10-17,Rich N gga Sh t,21 Savage   Metro Boomin  Young Thug
2020-10-17,Don t Stop,Megan Thee Stallion  Young Thug
2020-10-17,Slidin,21 Savage   Metro Boomin
2020-10-17,Many Men,21 Savage   Metro Boomin
2020-10-17,Fallin,Why Don t We
2020-10-17,Outta Time,Bryson Tiller  Drake
2020-10-17,My Dawg,21 Savage   Metro Boomin
2020-10-17,Brand New Draco,21 Savage   Metro Boomin
2020-10-17,Lovesick Girls,BLACKPINK
2020-10-17,Snitches   Rats,21 Savage   Metro Boomin  Young Nudy
2020-10-17,No Opp Left Behind,21 Savage   Metro Boomin
2020-10-17,Levitating,Dua Lipa  DaBaby
2020-10-17,Steppin On N ggas,21 Savage   Metro Boomin
2020-10-17,RIP Luv,21 Savage   Metro Boomin
2020-10-17,Always Forever,Bryson Tiller
2020-10-17,Years Go By,Bryson Tiller
2020-10-17,Said N Done,21 Savage   Metro Boomin
2020-10-24,Baby  I m Jealous,Bebe Rexha  Doja Cat
2020-10-24,Hole In The Bottle,Kelsea Ballerini
2020-10-24,Sofia,Clairo
2020-10-31,Lonely,Justin Bieber   Benny Blanco
2020-10-31,You re Mines Still,Yung Bleu  Drake
2020-10-31,Hate The Way,G-Eazy  blackbear
2020-10-31,Canceled,Larray
2020-10-31,Happy Does,Kenny Chesney
2020-10-31,Throat Baby  Go Baby,BRS Kash
2020-10-31,Pardon,T.I.  Lil Baby
2020-10-31,Champagne Night,Lady A
2020-11-07,Positions,Ariana Grande
2020-11-07,Forever After All,Luke Combs
2020-11-07,Tyler Herro,Jack Harlow
2020-11-07,Spicy,Ty Dolla $ign  Post Malone
2020-11-07,The Other Guy,Luke Combs
2020-11-07,Damage,H.E.R.
2020-11-07,Back To The Streets,Saweetie  Jhene Aiko
2020-11-07,So Done,The Kid LAROI
2020-11-07,Cold As You,Luke Combs
2020-11-07,Practice,DaBaby
2020-11-07,La Toxica,Farruko
2020-11-07,Head   Heart,Joel Corry MNEK
2020-11-07,Wine  Beer  Whiskey,Little Big Town
2020-11-14,34 35,Ariana Grande
2020-11-14,Dakiti,Bad Bunny   Jhay Cortez
2020-11-14,Motive,Ariana Grande  Doja Cat
2020-11-14,Off The Table,Ariana Grande  The Weeknd
2020-11-14,pov,Ariana Grande
2020-11-14,Just Like Magic,Ariana Grande
2020-11-14,Shut Up,Ariana Grande
2020-11-14,Nasty,Ariana Grande
2020-11-14,Safety Net,Ariana Grande  Ty Dolla $ign
2020-11-14,Six Thirty,Ariana Grande
2020-11-14,My Hair,Ariana Grande
2020-11-14,Obvious,Ariana Grande
2020-11-14,West Side,Ariana Grande
2020-11-14,Love Language,Ariana Grande
2020-11-14,Weeeeee,Trippie Redd
2020-11-14,Stay Down,Lil Durk  6LACK   Young Thug
2020-11-14,Thick,DJ Chose  BeatKing
2020-11-14,Take You Dancing,Jason Derulo
2020-11-21,What That Speed Bout,Mike WiLL Made-It  Nicki Minaj   YoungBoy Never Broke Again
2020-11-21,Took Her To The O,King Von
2020-11-21,Don t Need Friends,NAV  Lil Baby
2020-11-21,The Code,King Von  Polo G
2020-11-21,Tragic,The Kid LAROI  YoungBoy Never Brok Again   Internet Money
2020-11-21,All These N  gas,King Von  Lil Durk
2020-11-21,Crazy Story 2.0,King Von  Lil Durk
2020-11-21,Always Do,The Kid LAROI
2020-11-21,Young Wheezy,NAV With Gunna
2020-11-21,Beers and Sunshine,Darius Rucker
2020-11-21,Therefore I Am,Billie Eilish
2020-11-21,Whoopty,CJ
2020-11-21,F ck You  Goodbye,The Kid LAROI  Machine Gun Kelly
2020-11-28,Drankin N Smokin,Future   Lil Uzi Vert
2020-11-28,Holiday,Lil Nas X
2020-11-28,Stripes Like Burberry,Future   Lil Uzi Vert
2020-11-28,That s It,Future   Lil Uzi Vert
2020-11-28,Real Baby Pluto,Future   Lil Uzi Vert
2020-11-28,Iris,Phoebe   Maggie
2020-11-28,Marni On Me,Future   Lil Uzi Vert
2020-11-28,Million Dollar Play,Future   Lil Uzi Vert
2020-11-28,Sleeping On The Floor,Future   Lil Uzi Vert
2020-11-28,What s Your Country Song,Thomas Rhett
2020-11-28,Plastic,Future   Lil Uzi Vert
2020-11-28,Rockstar Chainz,Future
2020-11-28,Bought A Bad Bitch,Future   Lil Uzi Vert
2020-12-05,Life Goes On,BTS
2020-12-05,Monster,Shawn Mendes   Justin Bieber
2020-12-05,Body,Megan Thee Stallion
2020-12-05,Blue   Grey,BTS
2020-12-05,Stay,BTS
2020-12-05,Somebody s Problem,Morgan Wallen
2020-12-05,Still Goin Down,Morgan Wallen
2020-12-05,Prisoner,Miley Cyrus  Dua Lipa
2020-12-05,Fly To My Room,BTS
2020-12-05,Telepathy,BTS
2020-12-05,Cry Baby,Megan Thee Stallion  DaBaby
2020-12-05,Dis-ease,BTS
2020-12-05,Shots Fired,Megan Thee Stallion
2020-12-05,Livin  The Dream,Morgan Wallen
2020-12-05,Pain Away,Meek Mill  Lil Durk
2020-12-05,Do It On The Tip,Megan Thee Stallion  City Girls   Hot Girl Meg
2020-12-05,Circles,Megan Thee Stallion
2020-12-05,Bichota,Karol G
2020-12-05,Cover Me Up,Morgan Wallen
2020-12-12,It s Beginning To Look A Lot Like Christmas,Michael Buble
2020-12-12,La Noche de Anoche,Bad Bunny   ROSALIA
2020-12-12,Te Mudaste,Bad Bunny
2020-12-12,Yo Visto Asi,Bad Bunny
2020-12-12,Dicked Down In Dallas,Trey Lewis
2020-12-12,Haciendo Que Me Amas,Bad Bunny
2020-12-12,Te Deseo Lo Mejor,Bad Bunny
2020-12-12,Under The Mistletoe,Kelly Clarkson   Brett Eldredge
2020-12-12,Booker T,Bad Bunny
2020-12-12,El Mundo Es Mio,Bad Bunny
2020-12-12,Hoy Cobre,Bad Bunny
2020-12-12,Rockin  Around The Christmas Tree,Justin Bieber
2020-12-12,Maldita Pobreza,Bad Bunny
2020-12-12,La Droga,Bad Bunny
2020-12-12,Favorite Time Of Year,Carrie Underwood
2020-12-19,On Me,Lil Baby
2020-12-19,Santa Tell Me,Ariana Grande
2020-12-19,Errbody,Lil Baby
2020-12-19,Wonderful Christmastime,Paul McCartney
2020-12-19,Without You,The Kid LAROI
2020-12-19,Real Shit,Juice WRLD Benny Blanco
2020-12-19,Oh Santa,Mariah Carey  Ariana Grande   Jennifer Hudson
2020-12-19,Take Me Home For Christmas,Dan   Shay
2020-12-19,Hallelujah,Carrie Underwood   John Legend
2020-12-19,Silent Night,Carrie Underwood
2020-12-26,Willow,Taylor Swift
2020-12-26,Champagne Problems,Taylor Swift
2020-12-26,No Body  No Crime,Taylor Swift  HAIM
2020-12-26,Tis The Damn Season,Taylor Swift
2020-12-26,Gold Rush,Taylor Swift
2020-12-26,Tequila Shots,Kid Cudi
2020-12-26,Tolerate It,Taylor Swift
2020-12-26,Deck The Halls,Nat King Cole
2020-12-26,She Knows This,Kid Cudi
2020-12-26,Happiness,Taylor Swift
2020-12-26,Show Out,Kid Cudi  Skepta   Pop Smoke
2020-12-26,Evermore,Taylor Swift  Bon Iver
2020-12-26,Ivy,Taylor Swift
2020-12-26,Coney Island,Taylor Swift  The National
2020-12-26,Another Day,Kid Cudi
2020-12-26,Dorothea,Taylor Swift
2020-12-26,Long Story Short,Taylor Swift
2020-12-26,Cowboy Like Me,Taylor Swift
2020-12-26,Way Out,Jack Harlow  Big Sean
2020-12-26,Marjorie,Taylor Swift
2020-12-26,Solo Dolo III,Kid Cudi
2020-12-26,Dive,Kid Cudi
2020-12-26,Closure,Taylor Swift
2020-12-26,Heaven On Earth,Kid Cudi
2020-12-26,Reminds Me Of You,The Kid LAROI   Juice WRLD
2020-12-26,Sad People,Kid Cudi
2020-12-26,Damaged,Kid Cudi
2020-12-26,Beautiful Trip,Kid Cudi
